{
    "target": "kokkos",
    "circuit_id": 5,
    "n_qubits_begin": 3,
    "n_qubits_end": 26,
    "n_repeat": 10,
    "durations": [
        2.588155,
        3.256933,
        2.734004,
        2.790642,
        2.8061409999999998,
        2.717654,
        2.871893,
        2.856292,
        2.796065,
        2.813541,
        2.764946,
        2.983644,
        2.9692250000000002,
        2.9661359999999997,
        3.128229,
        2.984477,
        3.113783,
        3.15071,
        3.628416,
        3.811415,
        11.34637,
        21.20592,
        42.24306
    ]
}