{
    "target": "kokkos_new",
    "circuit_id": 5,
    "n_qubits_begin": 3,
    "n_qubits_end": 26,
    "n_repeat": 10,
    "durations": [
        0.0765905,
        0.07703170000000001,
        0.0777887,
        0.07671750000000001,
        0.0719666,
        0.08258750000000001,
        0.0759697,
        0.0781715,
        0.0741416,
        0.0772294,
        0.0746105,
        0.0785196,
        0.0790684,
        0.0792037,
        0.0803854,
        0.0917054,
        0.10587550000000001,
        0.1128576,
        0.1712332,
        0.3815829,
        0.9817361,
        2.289224,
        3.6270649999999995
    ]
}