{
    "target": "kokkos_new",
    "circuit_id": 4,
    "n_qubits_begin": 3,
    "n_qubits_end": 26,
    "n_repeat": 10,
    "durations": [
        0.0808319,
        0.08076760000000001,
        0.0807387,
        0.0837765,
        0.0784284,
        0.0802947,
        0.0808116,
        0.09079129999999999,
        0.0771466,
        0.0849893,
        0.0854134,
        0.0837837,
        0.0780396,
        0.0946673,
        0.12161910000000001,
        0.15626299999999999,
        0.22900269999999998,
        0.46955729999999996,
        0.8881781,
        1.9017469999999999,
        3.7637349999999996,
        6.051169,
        10.129304999999999
    ]
}