{
    "target": "kokkos",
    "circuit_id": 5,
    "n_qubits_begin": 3,
    "n_qubits_end": 26,
    "n_repeat": 10,
    "durations": [
        2.838981,
        2.831272,
        2.833454,
        2.728719,
        2.830448,
        2.840192,
        2.749561,
        2.67461,
        2.823569,
        2.834387,
        2.849768,
        2.7422519999999997,
        3.038564,
        2.885399,
        2.879621,
        2.9791,
        3.074062,
        2.991787,
        3.364071,
        3.7064340000000002,
        12.22162,
        22.80169,
        40.462599999999995
    ]
}