{
    "target": "kokkos",
    "circuit_id": 3,
    "n_qubits_begin": 3,
    "n_qubits_end": 26,
    "n_repeat": 10,
    "durations": [
        1.860281,
        1.867112,
        1.840989,
        1.913399,
        1.840062,
        1.8149609999999998,
        1.927092,
        1.852464,
        1.780962,
        1.9792770000000002,
        1.980909,
        2.011669,
        2.080503,
        1.989531,
        2.223627,
        2.432418,
        2.6891179999999997,
        10.620650000000001,
        12.660129999999999,
        26.933370000000004,
        53.60346,
        100.4631,
        199.6205
    ]
}