{
    "target": "kokkos_new",
    "circuit_id": 5,
    "n_qubits_begin": 3,
    "n_qubits_end": 26,
    "n_repeat": 10,
    "durations": [
        0.0751947,
        0.0753435,
        0.0781374,
        0.0757597,
        0.0788606,
        0.0780795,
        0.0798738,
        0.07985830000000001,
        0.0846457,
        0.0770576,
        0.0782877,
        0.0792282,
        0.08042160000000001,
        0.0795191,
        0.0841094,
        0.0852545,
        0.0937954,
        0.10377549999999999,
        0.1365263,
        0.2202929,
        0.32444510000000004,
        0.6357953000000001,
        1.0131496
    ]
}