{
    "target": "kokkos",
    "circuit_id": 3,
    "n_qubits_begin": 3,
    "n_qubits_end": 26,
    "n_repeat": 10,
    "durations": [
        1.933018,
        1.920322,
        1.8635190000000001,
        1.986927,
        1.901419,
        1.938522,
        1.902673,
        1.8991859999999998,
        1.90295,
        1.9517900000000001,
        2.019583,
        2.064431,
        2.069375,
        2.079145,
        2.10038,
        2.4610309999999997,
        2.7921419999999997,
        11.665000000000001,
        13.00299,
        25.52415,
        53.60821,
        100.4549,
        200.447
    ]
}