{
    "target": "kokkos",
    "circuit_id": 4,
    "n_qubits_begin": 3,
    "n_qubits_end": 26,
    "n_repeat": 10,
    "durations": [
        1.868877,
        1.86139,
        1.900668,
        1.9443709999999998,
        1.875307,
        1.886972,
        1.868923,
        1.8923400000000001,
        1.978309,
        1.975526,
        1.9905490000000001,
        2.08689,
        2.1116099999999998,
        2.1235869999999997,
        2.2463729999999997,
        2.521331,
        2.8701540000000003,
        11.04519,
        15.932390000000002,
        27.65494,
        55.26705,
        106.69359999999999,
        212.2204
    ]
}