{
    "target": "kokkos_new",
    "circuit_id": 3,
    "n_qubits_begin": 3,
    "n_qubits_end": 26,
    "n_repeat": 10,
    "durations": [
        0.0762384,
        0.07666690000000001,
        0.0767544,
        0.0719345,
        0.0759818,
        0.07645450000000001,
        0.0745178,
        0.0785994,
        0.07388249999999999,
        0.0772335,
        0.0768016,
        0.0747434,
        0.0807068,
        0.0854603,
        0.10772330000000001,
        0.1333321,
        0.2154029,
        0.3503622,
        0.6792811999999999,
        1.276793,
        2.298827,
        4.727235,
        8.177335
    ]
}