{
    "target": "kokkos_new",
    "circuit_id": 3,
    "n_qubits_begin": 3,
    "n_qubits_end": 26,
    "n_repeat": 10,
    "durations": [
        0.0762643,
        0.0767795,
        0.07287550000000001,
        0.0726236,
        0.0770347,
        0.0759996,
        0.0765074,
        0.07836069999999999,
        0.07732649999999999,
        0.0786875,
        0.07763060000000001,
        0.07748350000000001,
        0.08185640000000001,
        0.08094749999999999,
        0.0976194,
        0.11584030000000001,
        0.165525,
        0.2420265,
        0.5466295,
        1.097904,
        2.098458,
        4.076544,
        8.046789
    ]
}