{
    "target": "kokkos_new",
    "circuit_id": 4,
    "n_qubits_begin": 3,
    "n_qubits_end": 26,
    "n_repeat": 10,
    "durations": [
        0.1024494,
        0.0795755,
        0.0823015,
        0.0797976,
        0.0788106,
        0.0826335,
        0.0791915,
        0.0847815,
        0.08451539999999999,
        0.0957305,
        0.0842796,
        0.0850336,
        0.08983749999999999,
        0.09541140000000001,
        0.10007570000000002,
        0.1284872,
        0.1709289,
        0.2521706,
        0.5548429,
        1.138935,
        2.161401,
        4.187628999999999,
        8.084742
    ]
}