{
    "target": "kokkos",
    "circuit_id": 4,
    "n_qubits_begin": 3,
    "n_qubits_end": 26,
    "n_repeat": 10,
    "durations": [
        1.868196,
        1.8452290000000002,
        1.799819,
        1.851869,
        1.9202020000000002,
        1.8654789999999999,
        1.833149,
        1.884617,
        1.97199,
        2.026961,
        1.983634,
        2.062601,
        2.0636330000000003,
        2.145559,
        2.07278,
        2.432841,
        2.947479,
        12.45166,
        15.457429999999999,
        27.3781,
        53.90498,
        109.6566,
        212.74859999999998
    ]
}