{
    "target": "qulacs_gpu",
    "circuit_id": 4,
    "n_qubits_begin": 3,
    "n_qubits_end": 26,
    "n_repeat": 10,
    "durations": [
        0.2020352,
        0.1910784,
        0.1890304,
        0.1820672,
        0.1805312,
        0.2182144,
        0.17991680000000002,
        0.19046400000000002,
        0.21319680000000002,
        0.2436096,
        0.310784,
        0.2390016,
        0.2327552,
        0.2338816,
        0.2381824,
        0.2532352,
        0.3443712,
        0.4598784,
        0.7207936,
        1.318092,
        2.3744520000000002,
        4.424602,
        8.488141
    ]
}