{
    "target": "qulacs_gpu",
    "circuit_id": 3,
    "n_qubits_begin": 3,
    "n_qubits_end": 26,
    "n_repeat": 10,
    "durations": [
        0.1344512,
        0.14110720000000002,
        0.14028800000000002,
        0.1412096,
        0.1352704,
        0.14336,
        0.153088,
        0.1603584,
        0.1585152,
        0.178688,
        0.1686528,
        0.1665024,
        0.17295359999999999,
        0.183296,
        0.1820672,
        0.1982464,
        0.2428928,
        0.35307520000000003,
        0.6365184,
        1.196238,
        2.186854,
        4.194815,
        8.232959
    ]
}