{
    "target": "qulacs_gpu",
    "circuit_id": 5,
    "n_qubits_begin": 3,
    "n_qubits_end": 26,
    "n_repeat": 10,
    "durations": [
        0.621568,
        0.6221826,
        0.6218754000000001,
        1.0411006,
        0.621978,
        1.0407936,
        0.6219772,
        0.6270979999999999,
        0.6289406000000001,
        0.6374398,
        0.6712317999999999,
        0.6812674000000001,
        0.9884676000000001,
        0.9303036,
        0.6747132,
        0.6818814,
        0.6903805999999999,
        0.8172548000000001,
        0.9365504,
        1.2055551999999998,
        1.725133,
        2.575565,
        4.2995719999999995
    ]
}