{
    "target": "qulacs_gpu",
    "circuit_id": 3,
    "n_qubits_begin": 3,
    "n_qubits_end": 26,
    "n_repeat": 10,
    "durations": [
        0.142336,
        0.1358848,
        0.137216,
        0.13527039999999999,
        0.16384,
        0.1359872,
        0.1491968,
        0.1547264,
        0.1632256,
        0.205824,
        0.1664,
        0.165376,
        0.178688,
        0.2034688,
        0.1823744,
        0.2115584,
        0.2724864,
        0.3470336,
        0.6412288,
        1.201049,
        2.208972,
        4.228506,
        8.197325
    ]
}