{
    "target": "qulacs_gpu",
    "circuit_id": 5,
    "n_qubits_begin": 3,
    "n_qubits_end": 26,
    "n_repeat": 10,
    "durations": [
        0.6234108,
        0.6218754,
        0.617062,
        0.6280194,
        0.6251523999999999,
        0.6104062,
        0.6209534,
        0.6247426,
        0.6307836,
        0.6339584,
        0.6730754,
        0.6792188,
        0.667546,
        0.67031,
        0.6558724,
        0.6667266,
        0.6689794,
        0.8094722000000001,
        1.0279934000000002,
        1.1885572,
        1.75186,
        2.6691589999999996,
        4.183758
    ]
}