{
    "target": "qulacs_gpu",
    "circuit_id": 4,
    "n_qubits_begin": 3,
    "n_qubits_end": 26,
    "n_repeat": 10,
    "durations": [
        0.182272,
        0.18104320000000002,
        0.2034688,
        0.2572288,
        0.1876992,
        0.18913280000000002,
        0.2161664,
        0.1839104,
        0.21422080000000002,
        0.2408448,
        0.23347199999999999,
        0.2415616,
        0.2405376,
        0.2501632,
        0.24166400000000002,
        0.2589696,
        0.3484672,
        0.4696064,
        0.7977984,
        1.3221880000000001,
        2.372404,
        4.418765,
        8.509747
    ]
}